weakxz_hot,sk_hot,weak_hot,sharpe_hot,tzero_hot,mcd_hot,d_ord,lw_hot,hrp_hot,diagxx_hot,h_ord,g_ord,pm_hot,glcv_hot,ldp_hot,l_ord,diag_hot,weakxy_hot,ewa_hot,volxx_hot,quad_hot,ppo_hot,r_ord,equal_hot,s_ord,vol_hot,p_ord,diagxy_hot,rp_hot,molyboga_hot,n_ord,slurp_hot,schur_hot,volxy_hot,weakxx_hot,elo
0.0,0.0,0.0,0.0,0.0,0.0,,0.0,0.0,0.0,,50.0,0.0,0.0,0.0,,0.0,0.0,1.0,1.0,0.0,0.0,50.0,0.0,5.0,0.0,,0.0,0.0,0.0,25.0,0.0,1.0,1.0,0.0,1603.7297195060585
0.0,0.0,0.0,0.0,1.0,0.0,,0.0,0.0,0.0,,0.0,1.0,0.0,0.0,,0.0,1.0,0.0,0.0,0.0,0.0,50.0,0.0,5.0,0.0,,0.0,0.0,0.0,25.0,0.0,1.0,0.0,1.0,1600.8406929729617
0.0,0.0,0.0,0.0,1.0,0.0,,0.0,0.0,0.0,,100.0,1.0,0.0,0.0,,0.0,1.0,0.0,0.0,0.0,0.0,25.0,0.0,5.0,0.0,,0.0,0.0,0.0,50.0,0.0,1.0,0.0,1.0,1599.369350006955
0.0,0.0,0.0,0.0,0.0,0.0,,0.0,0.0,0.0,,10.0,0.0,0.0,0.0,,0.0,1.0,1.0,0.0,0.0,0.0,50.0,0.0,5.0,0.0,,0.0,0.0,0.0,25.0,0.0,1.0,0.0,1.0,1599.0661492833633
0.0,0.0,0.0,0.0,0.0,0.0,,0.0,0.0,0.0,,,0.0,0.0,0.0,,0.0,0.0,1.0,0.0,0.0,0.0,5.0,0.0,,0.0,0.0,0.0,1.0,0.0,,0.0,0.0,0.0,0.0,1596.3373833978706
0.0,0.0,1.0,0.0,0.0,0.0,,0.0,0.0,0.0,,100.0,0.0,0.0,0.0,,0.0,0.0,1.0,0.0,0.0,0.0,50.0,0.0,5.0,1.0,,0.0,0.0,0.0,25.0,0.0,1.0,0.0,0.0,1594.930109646238
0.0,0.0,0.0,0.0,0.0,0.0,0.0,0.0,0.0,0.0,,,0.0,0.0,0.0,,0.0,0.0,1.0,0.0,0.0,1.0,25.0,0.0,,1.0,,0.0,0.0,0.0,50.0,0.0,0.0,0.0,0.0,1592.7100151772393
0.0,0.0,1.0,0.0,0.0,0.0,,0.0,1.0,0.0,,,0.0,0.0,0.0,,0.0,0.0,1.0,0.0,0.0,0.0,25.0,0.0,50.0,1.0,,0.0,0.0,0.0,50.0,0.0,0.0,0.0,0.0,1592.5667006894428
0.0,0.0,0.0,0.0,0.0,0.0,,0.0,0.0,0.0,,0.0,0.0,0.0,0.0,,0.0,1.0,1.0,0.0,0.0,0.0,50.0,0.0,5.0,0.0,,0.0,0.0,0.0,25.0,0.0,1.0,0.0,1.0,1591.9705027103919
0.0,0.0,1.0,0.0,0.0,0.0,,0.0,0.0,0.0,,50.0,0.0,0.0,0.0,,0.0,0.0,1.0,0.0,0.0,0.0,50.0,0.0,5.0,1.0,,0.0,0.0,0.0,25.0,0.0,1.0,0.0,0.0,1590.106223700346
0.0,0.0,0.0,0.0,0.0,0.0,,0.0,0.0,0.0,,100.0,0.0,0.0,0.0,,0.0,1.0,1.0,0.0,0.0,0.0,50.0,0.0,5.0,0.0,,0.0,0.0,0.0,25.0,0.0,1.0,0.0,1.0,1589.65347072206
0.0,0.0,0.0,0.0,0.0,0.0,,0.0,0.0,0.0,,,0.0,0.0,0.0,,0.0,0.0,0.0,0.0,0.0,0.0,25.0,0.0,,0.0,,0.0,0.0,1.0,50.0,0.0,0.0,0.0,0.0,1589.235020220747
0.0,0.0,0.0,0.0,0.0,0.0,,0.0,0.0,0.0,,100.0,0.0,0.0,0.0,,0.0,1.0,1.0,0.0,0.0,0.0,25.0,0.0,5.0,0.0,,0.0,0.0,0.0,50.0,0.0,1.0,0.0,1.0,1585.0042343819182
0.0,0.0,0.0,0.0,0.0,0.0,,0.0,0.0,0.0,,,0.0,0.0,0.0,,0.0,0.0,1.0,0.0,0.0,0.0,5.0,0.0,,0.0,60.0,0.0,1.0,0.0,,0.0,0.0,0.0,0.0,1582.0085501511626
0.0,0.0,1.0,0.0,0.0,0.0,,0.0,0.0,0.0,,0.0,0.0,0.0,0.0,,0.0,0.0,1.0,0.0,0.0,0.0,50.0,0.0,5.0,1.0,,0.0,0.0,0.0,25.0,0.0,1.0,0.0,0.0,1580.4753228404468
0.0,0.0,0.0,0.0,0.0,0.0,,0.0,0.0,0.0,150.0,100.0,0.0,0.0,0.0,,0.0,1.0,1.0,0.0,0.0,0.0,50.0,0.0,25.0,0.0,,0.0,0.0,0.0,25.0,0.0,1.0,0.0,1.0,1579.1762716546548
0.0,0.0,0.0,0.0,0.0,0.0,,0.0,0.0,0.0,,10.0,0.0,0.0,0.0,,0.0,0.0,1.0,1.0,0.0,0.0,50.0,0.0,5.0,0.0,,0.0,0.0,0.0,25.0,0.0,1.0,1.0,0.0,1575.9150616540876
0.0,0.0,0.0,0.0,0.0,0.0,,0.0,0.0,0.0,,10.0,0.0,0.0,0.0,,0.0,1.0,1.0,0.0,0.0,0.0,25.0,0.0,5.0,0.0,,0.0,0.0,0.0,50.0,0.0,1.0,0.0,1.0,1573.9010159333845
0.0,0.0,1.0,0.0,1.0,0.0,,0.0,0.0,0.0,,10.0,1.0,0.0,0.0,21.0,1.0,0.0,0.0,0.0,0.0,0.0,50.0,0.0,5.0,0.0,,0.0,0.0,0.0,25.0,0.0,1.0,0.0,0.0,1570.7455778982433
0.0,0.0,0.0,0.0,1.0,0.0,,0.0,0.0,0.0,500.0,100.0,1.0,0.0,0.0,,0.0,1.0,0.0,0.0,0.0,0.0,25.0,0.0,100.0,0.0,,0.0,0.0,0.0,50.0,0.0,1.0,0.0,1.0,1568.8164020519625
0.0,0.0,0.0,0.0,0.0,0.0,,0.0,0.0,0.0,,,0.0,0.0,0.0,,0.0,0.0,1.0,0.0,0.0,0.0,2.0,0.0,,0.0,80.0,0.0,1.0,0.0,,0.0,0.0,0.0,0.0,1565.9793093542116
0.0,0.0,0.0,0.0,0.0,0.0,,0.0,0.0,0.0,500.0,100.0,0.0,0.0,0.0,,0.0,1.0,1.0,0.0,0.0,0.0,50.0,0.0,25.0,0.0,,0.0,0.0,0.0,25.0,0.0,1.0,0.0,1.0,1565.6877907861217
0.0,0.0,1.0,0.0,0.0,0.0,,0.0,0.0,0.0,,10.0,0.0,0.0,0.0,,0.0,0.0,1.0,0.0,0.0,0.0,50.0,0.0,5.0,1.0,,0.0,0.0,0.0,25.0,0.0,1.0,0.0,0.0,1565.1739624987015
0.0,0.0,0.0,0.0,1.0,0.0,,0.0,0.0,0.0,,50.0,1.0,0.0,0.0,,0.0,1.0,0.0,0.0,0.0,0.0,25.0,0.0,5.0,0.0,,0.0,0.0,0.0,50.0,0.0,1.0,0.0,1.0,1560.6438914721064
0.0,0.0,0.0,0.0,0.0,0.0,,0.0,0.0,0.0,,50.0,0.0,0.0,0.0,,0.0,1.0,1.0,0.0,0.0,0.0,50.0,0.0,5.0,0.0,,0.0,0.0,0.0,25.0,0.0,1.0,0.0,1.0,1560.577551037039
0.0,0.0,0.0,0.0,0.0,0.0,,0.0,0.0,0.0,,,0.0,0.0,0.0,,0.0,0.0,1.0,0.0,0.0,0.0,1.0,0.0,,0.0,60.0,0.0,1.0,0.0,,0.0,0.0,0.0,0.0,1560.2173987797178
0.0,0.0,0.0,0.0,0.0,0.0,,0.0,0.0,0.0,,100.0,0.0,0.0,0.0,,0.0,0.0,0.0,0.0,0.0,0.0,25.0,0.0,5.0,1.0,20.0,0.0,0.0,0.0,,1.0,0.0,0.0,0.0,1559.2289300226655
0.0,0.0,0.0,0.0,0.0,0.0,,0.0,0.0,0.0,,,0.0,0.0,0.0,,0.0,0.0,1.0,0.0,0.0,0.0,5.0,0.0,,0.0,20.0,0.0,1.0,0.0,,0.0,0.0,0.0,0.0,1556.990107646616
0.0,0.0,0.0,0.0,1.0,0.0,,0.0,0.0,0.0,500.0,100.0,1.0,0.0,0.0,,0.0,1.0,0.0,0.0,0.0,0.0,50.0,0.0,100.0,0.0,,0.0,0.0,0.0,25.0,0.0,1.0,0.0,1.0,1553.8045522314446
0.0,0.0,0.0,0.0,0.0,0.0,,0.0,0.0,0.0,,100.0,0.0,0.0,0.0,,0.0,0.0,0.0,0.0,0.0,0.0,1.0,0.0,25.0,1.0,20.0,0.0,0.0,0.0,,1.0,0.0,0.0,0.0,1553.4783588612092
0.0,0.0,0.0,0.0,1.0,0.0,0.0,0.0,1.0,0.0,,,1.0,0.0,0.0,,0.0,0.0,0.0,1.0,0.0,0.0,25.0,0.0,5.0,0.0,,0.0,0.0,0.0,50.0,0.0,0.0,1.0,0.0,1553.4013078622518
0.0,0.0,0.0,0.0,1.0,0.0,,0.0,0.0,0.0,500.0,100.0,1.0,0.0,0.0,,0.0,1.0,0.0,0.0,0.0,0.0,50.0,0.0,25.0,0.0,,0.0,0.0,0.0,25.0,0.0,1.0,0.0,1.0,1550.8775582156472
0.0,0.0,0.0,0.0,0.0,0.0,,0.0,0.0,0.0,,,0.0,0.0,0.0,,0.0,0.0,1.0,0.0,0.0,0.0,2.0,0.0,,0.0,20.0,0.0,1.0,0.0,,0.0,0.0,0.0,0.0,1550.303028550498
0.0,0.0,0.0,0.0,0.0,0.0,,0.0,0.0,0.0,500.0,100.0,0.0,0.0,0.0,,0.0,1.0,1.0,0.0,0.0,0.0,50.0,0.0,100.0,0.0,,0.0,0.0,0.0,25.0,0.0,1.0,0.0,1.0,1549.7777251993728
0.0,0.0,0.0,0.0,0.0,0.0,,0.0,0.0,0.0,,0.0,0.0,0.0,0.0,,0.0,0.0,0.0,0.0,0.0,0.0,25.0,0.0,25.0,0.0,,0.0,0.0,1.0,,0.0,0.0,0.0,0.0,1548.1560831583809
0.0,0.0,0.0,0.0,1.0,0.0,,0.0,0.0,0.0,,0.0,1.0,0.0,0.0,,0.0,1.0,0.0,0.0,0.0,0.0,25.0,0.0,5.0,0.0,,0.0,0.0,0.0,50.0,0.0,1.0,0.0,1.0,1548.0304881518277
0.0,0.0,0.0,0.0,1.0,0.0,,0.0,0.0,0.0,,10.0,1.0,0.0,0.0,,0.0,1.0,0.0,0.0,0.0,0.0,25.0,0.0,5.0,0.0,,0.0,0.0,0.0,50.0,0.0,1.0,0.0,1.0,1547.937758538328
0.0,0.0,0.0,0.0,0.0,0.0,,0.0,0.0,0.0,125.0,100.0,0.0,0.0,0.0,,0.0,1.0,1.0,0.0,0.0,0.0,50.0,0.0,25.0,0.0,,0.0,0.0,0.0,25.0,0.0,1.0,0.0,1.0,1547.8599560241548
0.0,0.0,0.0,0.0,1.0,0.0,,0.0,0.0,0.0,125.0,100.0,1.0,0.0,0.0,,0.0,1.0,0.0,0.0,0.0,0.0,25.0,0.0,25.0,0.0,,0.0,0.0,0.0,50.0,0.0,1.0,0.0,1.0,1547.7871298838559
0.0,0.0,0.0,0.0,0.0,0.0,,0.0,0.0,0.0,125.0,100.0,0.0,0.0,0.0,,0.0,1.0,1.0,0.0,0.0,0.0,25.0,0.0,25.0,0.0,,0.0,0.0,0.0,50.0,0.0,1.0,0.0,1.0,1544.260587360124
0.0,0.0,0.0,0.0,0.0,0.0,,0.0,0.0,0.0,,0.0,0.0,0.0,0.0,,0.0,0.0,1.0,1.0,0.0,0.0,50.0,0.0,5.0,0.0,,0.0,0.0,0.0,25.0,0.0,1.0,1.0,0.0,1542.7553567689206
0.0,0.0,0.0,0.0,0.0,0.0,,0.0,0.0,0.0,,,0.0,0.0,0.0,21.0,0.0,0.0,1.0,0.0,0.0,0.0,1.0,0.0,,0.0,20.0,0.0,1.0,0.0,,0.0,0.0,0.0,0.0,1542.4304811804334
0.0,0.0,0.0,0.0,0.0,0.0,,0.0,0.0,0.0,,,0.0,0.0,0.0,,0.0,0.0,1.0,0.0,0.0,0.0,5.0,0.0,,0.0,61.0,0.0,1.0,0.0,,0.0,0.0,0.0,0.0,1541.8476100699693
0.0,0.0,0.0,0.0,0.0,0.0,,0.0,0.0,0.0,,50.0,0.0,0.0,0.0,,0.0,1.0,1.0,0.0,0.0,0.0,25.0,0.0,5.0,0.0,,0.0,0.0,0.0,50.0,0.0,1.0,0.0,1.0,1541.63255250041
0.0,0.0,0.0,0.0,0.0,0.0,,0.0,0.0,0.0,,,0.0,0.0,0.0,,0.0,0.0,1.0,0.0,0.0,0.0,2.0,0.0,,0.0,60.0,0.0,1.0,0.0,,0.0,0.0,0.0,0.0,1541.2829630559143
0.0,0.0,0.0,0.0,0.0,0.0,,0.0,0.0,0.0,,0.0,0.0,0.0,0.0,,0.0,1.0,1.0,0.0,0.0,0.0,25.0,0.0,5.0,0.0,,0.0,0.0,0.0,50.0,0.0,1.0,0.0,1.0,1540.2724440022268
0.0,1.0,0.0,0.0,0.0,0.0,1.0,1.0,0.0,0.0,,,0.0,0.0,0.0,,0.0,0.0,0.0,0.0,0.0,1.0,,0.0,,1.0,,0.0,0.0,0.0,100.0,0.0,0.0,0.0,0.0,1536.3351845887885
0.0,0.0,0.0,0.0,0.0,0.0,,0.0,0.0,0.0,,100.0,0.0,0.0,0.0,,0.0,0.0,0.0,0.0,0.0,0.0,25.0,0.0,25.0,0.0,,0.0,0.0,1.0,,0.0,0.0,0.0,0.0,1535.9498863670724
1.0,0.0,0.0,0.0,1.0,0.0,0.0,0.0,0.0,0.0,500.0,,1.0,0.0,0.0,,0.0,0.0,0.0,0.0,0.0,0.0,25.0,0.0,,0.0,,0.0,0.0,0.0,50.0,0.0,0.0,0.0,0.0,1533.0690946820262
0.0,0.0,0.0,0.0,0.0,0.0,,0.0,0.0,0.0,,,0.0,0.0,0.0,,0.0,0.0,1.0,0.0,0.0,0.0,2.0,0.0,,0.0,40.0,0.0,1.0,0.0,,0.0,0.0,0.0,0.0,1530.2446069216392
0.0,0.0,0.0,0.0,1.0,0.0,,0.0,0.0,0.0,500.0,100.0,1.0,0.0,0.0,,0.0,1.0,0.0,0.0,0.0,0.0,25.0,0.0,25.0,0.0,,0.0,0.0,0.0,50.0,0.0,1.0,0.0,1.0,1529.1963937631199
0.0,0.0,0.0,0.0,1.0,0.0,,0.0,0.0,0.0,150.0,100.0,1.0,0.0,0.0,,0.0,1.0,0.0,0.0,0.0,0.0,25.0,0.0,25.0,0.0,,0.0,0.0,0.0,50.0,0.0,1.0,0.0,1.0,1526.4079111989652
0.0,0.0,0.0,0.0,0.0,0.0,,0.0,0.0,0.0,500.0,100.0,0.0,0.0,0.0,,0.0,1.0,1.0,0.0,0.0,0.0,25.0,0.0,100.0,0.0,,0.0,0.0,0.0,50.0,0.0,1.0,0.0,1.0,1523.0108623997928
0.0,1.0,0.0,1.0,0.0,0.0,0.0,0.0,0.0,0.0,,,0.0,1.0,0.0,,0.0,0.0,0.0,0.0,0.0,1.0,,0.0,,0.0,,0.0,0.0,0.0,100.0,0.0,0.0,0.0,0.0,1522.1750539391119
0.0,0.0,0.0,0.0,0.0,0.0,,0.0,0.0,0.0,500.0,100.0,0.0,0.0,0.0,,0.0,1.0,1.0,0.0,0.0,0.0,25.0,0.0,25.0,0.0,,0.0,0.0,0.0,50.0,0.0,1.0,0.0,1.0,1521.9226394598372
0.0,1.0,0.0,1.0,0.0,1.0,0.0,0.0,0.0,0.0,,,0.0,0.0,0.0,,0.0,0.0,0.0,0.0,0.0,1.0,,0.0,,0.0,,0.0,0.0,0.0,100.0,0.0,0.0,0.0,0.0,1520.3022979460268
0.0,0.0,1.0,0.0,0.0,0.0,,0.0,0.0,0.0,,100.0,0.0,0.0,0.0,20.0,0.0,0.0,1.0,0.0,0.0,0.0,1.0,0.0,50.0,1.0,,0.0,0.0,0.0,200.0,0.0,1.0,0.0,0.0,1518.8008004163958
1.0,0.0,0.0,0.0,1.0,0.0,0.0,0.0,0.0,0.0,500.0,,1.0,0.0,0.0,,0.0,0.0,0.0,0.0,0.0,0.0,50.0,0.0,,0.0,,0.0,0.0,0.0,50.0,0.0,0.0,0.0,0.0,1516.5882404677793
0.0,0.0,0.0,0.0,1.0,0.0,,0.0,0.0,0.0,125.0,100.0,1.0,0.0,0.0,,0.0,1.0,0.0,0.0,0.0,0.0,50.0,0.0,25.0,0.0,,0.0,0.0,0.0,25.0,0.0,1.0,0.0,1.0,1515.7218729951433
0.0,0.0,0.0,0.0,0.0,0.0,,0.0,0.0,0.0,,0.0,0.0,0.0,0.0,,0.0,0.0,0.0,0.0,0.0,0.0,25.0,0.0,25.0,1.0,20.0,0.0,0.0,0.0,,1.0,0.0,0.0,0.0,1514.9559591465193
0.0,0.0,0.0,0.0,0.0,0.0,,0.0,0.0,0.0,,0.0,0.0,0.0,0.0,,0.0,0.0,0.0,0.0,0.0,0.0,25.0,0.0,5.0,0.0,,0.0,0.0,1.0,,0.0,0.0,0.0,0.0,1512.9494518493163
0.0,0.0,1.0,0.0,1.0,0.0,,0.0,0.0,0.0,,,1.0,0.0,0.0,21.0,0.0,0.0,0.0,0.0,0.0,0.0,,0.0,,0.0,40.0,0.0,1.0,0.0,,0.0,0.0,0.0,0.0,1511.9745726722713
0.0,1.0,0.0,0.0,1.0,0.0,0.0,0.0,0.0,0.0,,,0.0,1.0,0.0,,0.0,0.0,0.0,0.0,0.0,1.0,,0.0,,1.0,,0.0,0.0,0.0,100.0,0.0,0.0,0.0,0.0,1510.8165481325102
0.0,0.0,0.0,0.0,1.0,0.0,0.0,0.0,0.0,0.0,,100.0,1.0,0.0,0.0,,0.0,0.0,0.0,1.0,0.0,0.0,25.0,0.0,25.0,0.0,,0.0,0.0,0.0,50.0,0.0,1.0,1.0,0.0,1510.3981709405177
0.0,0.0,0.0,0.0,0.0,0.0,,0.0,0.0,0.0,,,0.0,0.0,0.0,,0.0,0.0,1.0,0.0,0.0,0.0,1.0,0.0,,0.0,59.0,0.0,1.0,0.0,,0.0,0.0,0.0,0.0,1509.7242736429776
0.0,0.0,0.0,0.0,0.0,0.0,,0.0,0.0,0.0,,,0.0,0.0,0.0,,0.0,0.0,1.0,0.0,0.0,0.0,1.0,0.0,,0.0,80.0,0.0,1.0,0.0,,0.0,0.0,0.0,0.0,1508.90171999332
0.0,0.0,0.0,0.0,0.0,0.0,,0.0,0.0,0.0,,,0.0,0.0,0.0,20.0,0.0,0.0,1.0,0.0,0.0,0.0,1.0,0.0,,0.0,40.0,0.0,1.0,0.0,,0.0,0.0,0.0,0.0,1508.3691867192697
0.0,1.0,0.0,0.0,0.0,1.0,0.0,0.0,0.0,0.0,,,0.0,0.0,0.0,,0.0,0.0,0.0,0.0,1.0,1.0,,0.0,,0.0,,0.0,0.0,0.0,100.0,0.0,0.0,0.0,0.0,1507.8241574505146
0.0,0.0,1.0,0.0,0.0,0.0,,0.0,1.0,0.0,,,0.0,0.0,0.0,10.0,0.0,0.0,1.0,0.0,0.0,0.0,25.0,0.0,50.0,1.0,,0.0,0.0,0.0,50.0,0.0,0.0,0.0,0.0,1506.91729196244
0.0,0.0,0.0,0.0,0.0,0.0,,0.0,0.0,0.0,,,0.0,0.0,0.0,,0.0,0.0,1.0,0.0,0.0,0.0,1.0,0.0,,0.0,0.0,0.0,1.0,0.0,,0.0,0.0,0.0,0.0,1505.430355774904
0.0,0.0,0.0,0.0,1.0,0.0,,0.0,0.0,0.0,150.0,100.0,1.0,0.0,0.0,,0.0,1.0,0.0,0.0,0.0,0.0,50.0,0.0,25.0,0.0,,0.0,0.0,0.0,25.0,0.0,1.0,0.0,1.0,1501.7683980640984
0.0,1.0,0.0,1.0,0.0,0.0,0.0,1.0,0.0,0.0,,,0.0,0.0,0.0,,0.0,0.0,0.0,0.0,0.0,1.0,,0.0,,0.0,,0.0,0.0,0.0,100.0,0.0,0.0,0.0,0.0,1501.059852102078
0.0,0.0,0.0,0.0,0.0,0.0,,0.0,0.0,0.0,,,0.0,0.0,0.0,21.0,0.0,0.0,1.0,0.0,0.0,0.0,1.0,0.0,,0.0,40.0,0.0,1.0,0.0,,0.0,0.0,0.0,0.0,1499.9577039735195
1.0,0.0,0.0,0.0,1.0,0.0,0.0,0.0,0.0,0.0,500.0,,0.0,0.0,0.0,,0.0,0.0,1.0,0.0,0.0,0.0,50.0,0.0,,0.0,,0.0,0.0,0.0,50.0,0.0,0.0,0.0,0.0,1497.4774466707165
0.0,0.0,0.0,1.0,1.0,0.0,0.0,0.0,0.0,0.0,,,1.0,0.0,0.0,,0.0,0.0,0.0,0.0,0.0,1.0,25.0,0.0,,0.0,,0.0,0.0,0.0,50.0,0.0,0.0,0.0,0.0,1495.8049466204218
0.0,0.0,0.0,0.0,0.0,0.0,,0.0,0.0,0.0,150.0,100.0,0.0,0.0,0.0,,0.0,1.0,1.0,0.0,0.0,0.0,25.0,0.0,25.0,0.0,,0.0,0.0,0.0,50.0,0.0,1.0,0.0,1.0,1494.5834739141321
0.0,0.0,0.0,0.0,0.0,0.0,,0.0,0.0,0.0,,,0.0,0.0,0.0,,0.0,0.0,0.0,0.0,0.0,0.0,,1.0,,0.0,,0.0,0.0,0.0,,0.0,0.0,0.0,0.0,1494.1122405475735
0.0,0.0,0.0,0.0,1.0,0.0,,0.0,0.0,0.0,,50.0,1.0,0.0,0.0,,0.0,1.0,0.0,0.0,0.0,0.0,50.0,0.0,5.0,0.0,,0.0,0.0,0.0,25.0,0.0,1.0,0.0,1.0,1493.045622214821
0.0,0.0,0.0,0.0,0.0,0.0,,0.0,0.0,0.0,,0.0,0.0,0.0,0.0,,0.0,0.0,0.0,0.0,0.0,0.0,1.0,0.0,25.0,1.0,20.0,0.0,0.0,0.0,,1.0,0.0,0.0,0.0,1492.788775384805
0.0,0.0,0.0,0.0,1.0,0.0,0.0,0.0,1.0,0.0,,,1.0,0.0,0.0,,0.0,1.0,0.0,0.0,0.0,0.0,25.0,0.0,5.0,0.0,,0.0,0.0,0.0,50.0,0.0,0.0,0.0,1.0,1492.1445387529523
0.0,0.0,0.0,0.0,0.0,0.0,,0.0,0.0,0.0,,100.0,0.0,0.0,0.0,,0.0,0.0,1.0,1.0,0.0,0.0,50.0,0.0,5.0,0.0,,0.0,0.0,0.0,25.0,0.0,1.0,1.0,0.0,1491.5299553309576
0.0,0.0,0.0,0.0,0.0,0.0,,0.0,0.0,0.0,,,0.0,0.0,0.0,,0.0,0.0,1.0,0.0,0.0,0.0,2.0,0.0,,0.0,0.0,0.0,1.0,0.0,,0.0,0.0,0.0,0.0,1491.1642541500867
0.0,0.0,0.0,0.0,0.0,0.0,,0.0,0.0,0.0,,0.0,0.0,0.0,0.0,,0.0,0.0,0.0,0.0,0.0,0.0,25.0,0.0,100.0,1.0,20.0,0.0,0.0,0.0,,1.0,0.0,0.0,0.0,1490.6093109062822
1.0,0.0,0.0,0.0,1.0,0.0,0.0,0.0,0.0,0.0,,,0.0,0.0,0.0,,0.0,0.0,1.0,0.0,0.0,0.0,25.0,0.0,,0.0,,0.0,0.0,0.0,50.0,0.0,0.0,0.0,0.0,1490.0746714419274
0.0,0.0,0.0,0.0,0.0,0.0,,0.0,0.0,0.0,,,0.0,0.0,0.0,,0.0,0.0,1.0,0.0,0.0,0.0,1.0,0.0,,0.0,61.0,0.0,1.0,0.0,,0.0,0.0,0.0,0.0,1489.8537415440644
1.0,0.0,0.0,0.0,1.0,0.0,0.0,0.0,0.0,0.0,125.0,,1.0,0.0,0.0,,0.0,0.0,0.0,0.0,0.0,0.0,50.0,0.0,,0.0,,0.0,0.0,0.0,50.0,0.0,0.0,0.0,0.0,1489.5945068706042
0.0,0.0,0.0,0.0,0.0,0.0,,0.0,0.0,0.0,,,0.0,0.0,0.0,,0.0,0.0,0.0,0.0,0.0,0.0,25.0,0.0,100.0,0.0,,0.0,0.0,1.0,50.0,0.0,0.0,0.0,0.0,1489.1469325855826
0.0,0.0,0.0,0.0,0.0,0.0,,0.0,0.0,1.0,,100.0,0.0,0.0,0.0,,0.0,0.0,1.0,0.0,0.0,0.0,50.0,0.0,5.0,0.0,,1.0,0.0,0.0,25.0,0.0,1.0,0.0,0.0,1488.6416093964
0.0,0.0,0.0,0.0,1.0,0.0,,0.0,0.0,0.0,,10.0,1.0,0.0,0.0,,0.0,1.0,0.0,0.0,0.0,0.0,50.0,0.0,5.0,0.0,,0.0,0.0,0.0,25.0,0.0,1.0,0.0,1.0,1487.4081050680547
0.0,1.0,0.0,0.0,0.0,0.0,0.0,0.0,0.0,0.0,,,0.0,1.0,0.0,,0.0,0.0,0.0,0.0,0.0,1.0,,0.0,,1.0,,0.0,0.0,0.0,100.0,0.0,0.0,0.0,0.0,1486.9624424693975
0.0,0.0,1.0,0.0,1.0,0.0,,0.0,0.0,0.0,,0.0,1.0,0.0,0.0,,1.0,0.0,0.0,0.0,0.0,0.0,50.0,0.0,5.0,0.0,,0.0,0.0,0.0,25.0,0.0,1.0,0.0,0.0,1486.709593583904
0.0,0.0,0.0,0.0,0.0,0.0,,0.0,0.0,0.0,,,0.0,0.0,0.0,,0.0,0.0,0.0,0.0,0.0,0.0,,1.0,,0.0,,0.0,0.0,0.0,,0.0,0.0,0.0,0.0,1486.481536896077
0.0,1.0,0.0,1.0,1.0,0.0,0.0,0.0,0.0,0.0,,,0.0,1.0,0.0,,0.0,0.0,0.0,0.0,0.0,1.0,,0.0,,0.0,,0.0,0.0,0.0,100.0,0.0,0.0,0.0,0.0,1484.868794783575
1.0,1.0,0.0,0.0,0.0,0.0,0.0,1.0,0.0,0.0,,,0.0,0.0,0.0,,0.0,0.0,0.0,0.0,0.0,0.0,,0.0,,0.0,,0.0,0.0,0.0,100.0,0.0,0.0,0.0,0.0,1484.8170414029555
0.0,0.0,0.0,0.0,0.0,0.0,,0.0,0.0,0.0,,,0.0,0.0,0.0,,0.0,0.0,0.0,0.0,0.0,0.0,25.0,0.0,25.0,0.0,,0.0,0.0,1.0,50.0,0.0,0.0,0.0,0.0,1484.5326150292772
0.0,0.0,0.0,0.0,0.0,0.0,,0.0,0.0,0.0,,,0.0,0.0,0.0,,0.0,0.0,1.0,0.0,0.0,0.0,5.0,0.0,,0.0,40.0,0.0,1.0,0.0,,0.0,0.0,0.0,0.0,1482.9978369581138
0.0,0.0,0.0,0.0,0.0,0.0,,0.0,0.0,0.0,,,0.0,0.0,0.0,,0.0,0.0,0.0,0.0,0.0,0.0,1.0,0.0,,0.0,,0.0,0.0,1.0,100.0,0.0,0.0,0.0,0.0,1482.1281391901557
0.0,0.0,0.0,0.0,0.0,0.0,,0.0,0.0,0.0,,0.0,0.0,0.0,0.0,,0.0,0.0,0.0,0.0,0.0,0.0,1.0,0.0,100.0,1.0,20.0,0.0,0.0,0.0,,1.0,0.0,0.0,0.0,1481.6229566246582
0.0,0.0,1.0,0.0,1.0,0.0,,0.0,0.0,0.0,,,1.0,0.0,0.0,20.0,0.0,0.0,0.0,0.0,0.0,0.0,1.0,0.0,,0.0,40.0,0.0,1.0,0.0,,0.0,0.0,0.0,0.0,1479.882738061665
0.0,0.0,1.0,0.0,1.0,0.0,,0.0,0.0,0.0,,10.0,1.0,0.0,0.0,,1.0,0.0,0.0,0.0,0.0,0.0,50.0,0.0,5.0,0.0,,0.0,0.0,0.0,25.0,0.0,1.0,0.0,0.0,1478.6875652668302
0.0,0.0,1.0,0.0,0.0,0.0,,0.0,0.0,0.0,,100.0,0.0,0.0,0.0,21.0,0.0,0.0,1.0,0.0,0.0,0.0,1.0,0.0,50.0,1.0,,0.0,0.0,0.0,200.0,0.0,1.0,0.0,0.0,1477.6652103947195
1.0,0.0,0.0,0.0,1.0,0.0,0.0,0.0,0.0,0.0,125.0,,0.0,0.0,0.0,,0.0,0.0,1.0,0.0,0.0,0.0,25.0,0.0,,0.0,,0.0,0.0,0.0,50.0,0.0,0.0,0.0,0.0,1476.7945931764375
0.0,0.0,0.0,0.0,1.0,0.0,0.0,0.0,0.0,0.0,,100.0,1.0,0.0,0.0,,0.0,0.0,0.0,1.0,0.0,0.0,25.0,0.0,50.0,0.0,,0.0,0.0,0.0,50.0,0.0,1.0,1.0,0.0,1475.3065920527365
0.0,0.0,0.0,0.0,0.0,0.0,,0.0,0.0,0.0,,100.0,0.0,0.0,0.0,,0.0,0.0,0.0,0.0,0.0,0.0,1.0,0.0,100.0,0.0,,0.0,0.0,1.0,,0.0,0.0,0.0,0.0,1473.1396044319602
0.0,0.0,0.0,0.0,0.0,0.0,,0.0,0.0,0.0,,,0.0,0.0,0.0,,0.0,0.0,0.0,0.0,0.0,0.0,1.0,0.0,100.0,0.0,,0.0,0.0,1.0,100.0,0.0,0.0,0.0,0.0,1472.2043696484566
0.0,0.0,0.0,0.0,0.0,0.0,,0.0,0.0,0.0,,100.0,0.0,0.0,0.0,,0.0,0.0,0.0,0.0,0.0,0.0,1.0,0.0,100.0,1.0,20.0,0.0,0.0,0.0,,1.0,0.0,0.0,0.0,1471.5452316170245
0.0,0.0,0.0,0.0,0.0,0.0,,0.0,0.0,0.0,,,0.0,0.0,1.0,,0.0,0.0,0.0,0.0,0.0,0.0,,0.0,25.0,0.0,,0.0,0.0,0.0,50.0,0.0,0.0,0.0,0.0,1469.1394626928136
0.0,0.0,1.0,0.0,1.0,0.0,,0.0,0.0,0.0,,50.0,1.0,0.0,0.0,,1.0,0.0,0.0,0.0,0.0,0.0,50.0,0.0,5.0,0.0,,0.0,0.0,0.0,25.0,0.0,1.0,0.0,0.0,1469.1020406050443
0.0,1.0,0.0,0.0,0.0,1.0,0.0,0.0,0.0,0.0,,,0.0,0.0,0.0,,0.0,0.0,0.0,0.0,0.0,1.0,,0.0,,1.0,,0.0,0.0,0.0,100.0,0.0,0.0,0.0,0.0,1468.9221642587381
0.0,0.0,0.0,0.0,0.0,0.0,,0.0,0.0,0.0,,,0.0,0.0,0.0,,0.0,0.0,1.0,0.0,0.0,0.0,1.0,0.0,,0.0,40.0,0.0,1.0,0.0,,0.0,0.0,0.0,0.0,1468.6861558208084
1.0,0.0,0.0,0.0,1.0,0.0,0.0,0.0,0.0,0.0,500.0,,0.0,0.0,0.0,,0.0,0.0,1.0,0.0,0.0,0.0,25.0,0.0,,0.0,,0.0,0.0,0.0,50.0,0.0,0.0,0.0,0.0,1467.546168775907
0.0,0.0,0.0,0.0,1.0,0.0,,0.0,0.0,0.0,,100.0,1.0,0.0,0.0,,0.0,1.0,0.0,0.0,0.0,0.0,50.0,0.0,5.0,0.0,,0.0,0.0,0.0,25.0,0.0,1.0,0.0,1.0,1465.8401634436182
0.0,0.0,0.0,0.0,1.0,0.0,0.0,0.0,0.0,0.0,,100.0,1.0,0.0,0.0,,0.0,0.0,0.0,1.0,0.0,0.0,25.0,0.0,5.0,0.0,,0.0,0.0,0.0,50.0,0.0,1.0,1.0,0.0,1464.950881790425
0.0,0.0,1.0,0.0,1.0,0.0,,0.0,0.0,0.0,,100.0,1.0,0.0,0.0,,1.0,0.0,0.0,0.0,0.0,0.0,50.0,0.0,5.0,0.0,,0.0,0.0,0.0,25.0,0.0,1.0,0.0,0.0,1464.4171853592645
1.0,0.0,0.0,0.0,1.0,0.0,0.0,0.0,0.0,0.0,,,1.0,0.0,0.0,,0.0,0.0,0.0,0.0,0.0,0.0,25.0,0.0,,0.0,,0.0,0.0,0.0,50.0,0.0,0.0,0.0,0.0,1463.7147664190684
0.0,1.0,0.0,0.0,1.0,0.0,0.0,0.0,0.0,0.0,,,0.0,1.0,0.0,,0.0,0.0,0.0,0.0,1.0,1.0,,0.0,,0.0,,0.0,0.0,0.0,100.0,0.0,0.0,0.0,0.0,1463.4279811901185
0.0,0.0,0.0,0.0,0.0,0.0,0.0,0.0,0.0,0.0,,,0.0,0.0,0.0,,0.0,0.0,1.0,0.0,1.0,1.0,25.0,0.0,,0.0,,0.0,0.0,0.0,50.0,0.0,0.0,0.0,0.0,1462.2377954505116
1.0,1.0,0.0,0.0,1.0,0.0,0.0,0.0,0.0,0.0,,,0.0,1.0,0.0,,0.0,0.0,0.0,0.0,0.0,0.0,,0.0,,0.0,,0.0,0.0,0.0,100.0,0.0,0.0,0.0,0.0,1461.8861132689085
1.0,1.0,0.0,0.0,0.0,1.0,0.0,0.0,0.0,0.0,,,0.0,0.0,0.0,,0.0,0.0,0.0,0.0,0.0,0.0,,0.0,,0.0,,0.0,0.0,0.0,100.0,0.0,0.0,0.0,0.0,1460.6887891771842
0.0,0.0,0.0,0.0,0.0,0.0,,0.0,0.0,0.0,,,0.0,0.0,0.0,20.0,0.0,0.0,1.0,0.0,0.0,0.0,1.0,0.0,,0.0,20.0,0.0,1.0,0.0,,0.0,0.0,0.0,0.0,1457.8476251835218
1.0,0.0,0.0,0.0,1.0,0.0,0.0,0.0,0.0,0.0,,,0.0,0.0,0.0,,0.0,0.0,1.0,0.0,0.0,0.0,50.0,0.0,,0.0,,0.0,0.0,0.0,50.0,0.0,0.0,0.0,0.0,1457.838448805113
0.0,1.0,0.0,0.0,0.0,0.0,0.0,1.0,0.0,0.0,,,0.0,0.0,0.0,,0.0,0.0,0.0,0.0,1.0,1.0,,0.0,,0.0,,0.0,0.0,0.0,100.0,0.0,0.0,0.0,0.0,1456.902899199652
0.0,0.0,0.0,0.0,0.0,0.0,,0.0,0.0,0.0,,,0.0,0.0,0.0,,0.0,0.0,1.0,0.0,0.0,0.0,5.0,0.0,,0.0,80.0,0.0,1.0,0.0,,0.0,0.0,0.0,0.0,1456.607741111099
1.0,1.0,0.0,0.0,0.0,0.0,0.0,0.0,0.0,0.0,,,0.0,1.0,0.0,,0.0,0.0,0.0,0.0,0.0,0.0,,0.0,,0.0,,0.0,0.0,0.0,100.0,0.0,0.0,0.0,0.0,1453.3099627302813
0.0,0.0,0.0,0.0,0.0,0.0,,0.0,0.0,0.0,,0.0,0.0,0.0,0.0,,0.0,0.0,0.0,0.0,0.0,0.0,1.0,0.0,25.0,0.0,,0.0,0.0,1.0,,0.0,0.0,0.0,0.0,1451.840156056914
0.0,0.0,0.0,0.0,0.0,0.0,,0.0,0.0,0.0,,,0.0,0.0,1.0,,0.0,0.0,0.0,0.0,0.0,0.0,,0.0,5.0,0.0,,0.0,0.0,0.0,100.0,0.0,0.0,0.0,0.0,1451.6108297672051
1.0,0.0,0.0,0.0,1.0,0.0,0.0,0.0,0.0,0.0,125.0,,1.0,0.0,0.0,,0.0,0.0,0.0,0.0,0.0,0.0,25.0,0.0,,0.0,,0.0,0.0,0.0,50.0,0.0,0.0,0.0,0.0,1451.3575463090363
0.0,0.0,0.0,0.0,0.0,0.0,,0.0,0.0,0.0,,,0.0,0.0,0.0,,0.0,0.0,1.0,0.0,0.0,0.0,2.0,0.0,,0.0,59.0,0.0,1.0,0.0,,0.0,0.0,0.0,0.0,1451.2217468742474
0.0,0.0,0.0,0.0,1.0,0.0,0.0,0.0,1.0,0.0,,,1.0,0.0,0.0,,0.0,0.0,0.0,1.0,0.0,0.0,25.0,0.0,50.0,0.0,,0.0,0.0,0.0,50.0,0.0,0.0,1.0,0.0,1450.0776895668043
0.0,0.0,0.0,0.0,0.0,0.0,,0.0,0.0,0.0,,100.0,0.0,0.0,0.0,,0.0,0.0,0.0,0.0,0.0,0.0,1.0,0.0,5.0,1.0,20.0,0.0,0.0,0.0,,1.0,0.0,0.0,0.0,1449.994499244418
0.0,0.0,0.0,0.0,0.0,0.0,,0.0,0.0,0.0,,0.0,0.0,0.0,0.0,,0.0,0.0,0.0,0.0,0.0,0.0,1.0,0.0,5.0,1.0,20.0,0.0,0.0,0.0,,1.0,0.0,0.0,0.0,1448.6860497250084
0.0,0.0,0.0,0.0,1.0,0.0,0.0,0.0,0.0,0.0,,,1.0,0.0,0.0,,0.0,0.0,0.0,0.0,0.0,1.0,25.0,0.0,,1.0,,0.0,0.0,0.0,50.0,0.0,0.0,0.0,0.0,1446.2907221960845
0.0,0.0,0.0,0.0,0.0,0.0,,0.0,0.0,0.0,,,0.0,0.0,1.0,,0.0,0.0,0.0,0.0,0.0,0.0,,0.0,5.0,0.0,,0.0,0.0,0.0,50.0,0.0,0.0,0.0,0.0,1445.3501748770016
0.0,0.0,0.0,0.0,0.0,0.0,,0.0,0.0,0.0,,0.0,0.0,0.0,0.0,,0.0,0.0,0.0,0.0,0.0,0.0,1.0,0.0,100.0,0.0,,0.0,0.0,1.0,,0.0,0.0,0.0,0.0,1445.3377741904212
0.0,0.0,1.0,0.0,1.0,0.0,,0.0,0.0,0.0,,10.0,1.0,0.0,0.0,11.0,1.0,0.0,0.0,0.0,0.0,0.0,50.0,0.0,5.0,0.0,,0.0,0.0,0.0,25.0,0.0,1.0,0.0,0.0,1445.111912386923
0.0,0.0,0.0,0.0,0.0,0.0,,0.0,0.0,0.0,,,0.0,0.0,0.0,,0.0,0.0,1.0,0.0,0.0,0.0,2.0,0.0,,0.0,61.0,0.0,1.0,0.0,,0.0,0.0,0.0,0.0,1443.3815977717209
0.0,0.0,0.0,0.0,0.0,0.0,,0.0,0.0,0.0,,0.0,0.0,0.0,0.0,,0.0,0.0,0.0,0.0,0.0,0.0,25.0,0.0,5.0,1.0,20.0,0.0,0.0,0.0,,1.0,0.0,0.0,0.0,1441.6915729006578
0.0,0.0,0.0,0.0,0.0,0.0,,0.0,0.0,0.0,,100.0,0.0,0.0,0.0,,0.0,0.0,0.0,0.0,0.0,0.0,25.0,0.0,100.0,1.0,20.0,0.0,0.0,0.0,,1.0,0.0,0.0,0.0,1437.5450847605046
0.0,0.0,0.0,0.0,0.0,0.0,,0.0,0.0,0.0,,,0.0,0.0,0.0,,0.0,0.0,1.0,0.0,0.0,0.0,1.0,0.0,,0.0,20.0,0.0,1.0,0.0,,0.0,0.0,0.0,0.0,1436.1383145129896
0.0,1.0,0.0,0.0,0.0,0.0,0.0,0.0,0.0,0.0,,,0.0,1.0,0.0,,0.0,0.0,0.0,0.0,1.0,1.0,,0.0,,0.0,,0.0,0.0,0.0,100.0,0.0,0.0,0.0,0.0,1435.1197514800215
0.0,0.0,0.0,0.0,0.0,0.0,,0.0,0.0,0.0,,100.0,0.0,0.0,0.0,,0.0,0.0,0.0,0.0,0.0,0.0,1.0,0.0,5.0,0.0,,0.0,0.0,1.0,,0.0,0.0,0.0,0.0,1433.665986529887
0.0,0.0,0.0,0.0,0.0,0.0,,0.0,0.0,0.0,,100.0,0.0,0.0,0.0,,0.0,0.0,0.0,0.0,0.0,0.0,25.0,0.0,100.0,0.0,,0.0,0.0,1.0,,0.0,0.0,0.0,0.0,1419.6209394119057
1.0,0.0,0.0,0.0,1.0,0.0,0.0,0.0,0.0,0.0,,,1.0,0.0,0.0,,0.0,0.0,0.0,0.0,0.0,0.0,50.0,0.0,,0.0,,0.0,0.0,0.0,50.0,0.0,0.0,0.0,0.0,1419.087923084258
0.0,0.0,0.0,0.0,0.0,0.0,,0.0,0.0,0.0,,100.0,0.0,0.0,0.0,,0.0,0.0,0.0,0.0,0.0,0.0,25.0,0.0,25.0,1.0,20.0,0.0,0.0,0.0,,1.0,0.0,0.0,0.0,1417.4153281087251
0.0,0.0,0.0,0.0,0.0,0.0,,0.0,0.0,0.0,,100.0,0.0,0.0,0.0,,0.0,0.0,0.0,0.0,0.0,0.0,25.0,0.0,5.0,0.0,,0.0,0.0,1.0,,0.0,0.0,0.0,0.0,1416.5840473887563
0.0,0.0,0.0,0.0,0.0,0.0,,0.0,0.0,0.0,,,0.0,0.0,0.0,,0.0,0.0,1.0,0.0,0.0,0.0,5.0,0.0,,0.0,59.0,0.0,1.0,0.0,,0.0,0.0,0.0,0.0,1410.8069005574137
0.0,0.0,0.0,1.0,0.0,0.0,0.0,0.0,0.0,0.0,,,0.0,0.0,0.0,,0.0,0.0,1.0,0.0,0.0,1.0,25.0,0.0,,0.0,,0.0,0.0,0.0,50.0,0.0,0.0,0.0,0.0,1410.7809958637106
0.0,0.0,0.0,0.0,0.0,0.0,,0.0,0.0,0.0,,0.0,0.0,0.0,0.0,,0.0,0.0,0.0,0.0,0.0,0.0,25.0,0.0,100.0,0.0,,0.0,0.0,1.0,,0.0,0.0,0.0,0.0,1403.322707369863
0.0,0.0,0.0,0.0,0.0,0.0,,0.0,0.0,0.0,,0.0,0.0,0.0,0.0,,0.0,0.0,0.0,0.0,0.0,0.0,1.0,0.0,5.0,0.0,,0.0,0.0,1.0,,0.0,0.0,0.0,0.0,1402.9976227275536
0.0,0.0,0.0,0.0,0.0,0.0,,0.0,0.0,0.0,,,0.0,0.0,1.0,,0.0,0.0,0.0,0.0,0.0,0.0,,0.0,25.0,0.0,,0.0,0.0,0.0,100.0,0.0,0.0,0.0,0.0,1396.9014736799404
0.0,0.0,0.0,0.0,0.0,0.0,,0.0,0.0,0.0,,100.0,0.0,0.0,0.0,,0.0,0.0,0.0,0.0,0.0,0.0,1.0,0.0,25.0,0.0,,0.0,0.0,1.0,,0.0,0.0,0.0,0.0,1388.589307468737
0.0,0.0,0.0,0.0,0.0,0.0,,0.0,0.0,1.0,,50.0,0.0,0.0,0.0,,0.0,0.0,1.0,0.0,0.0,0.0,50.0,0.0,5.0,0.0,,1.0,0.0,0.0,25.0,0.0,1.0,0.0,0.0,1379.2794618084897
0.0,0.0,0.0,0.0,0.0,0.0,,0.0,0.0,1.0,,10.0,0.0,0.0,0.0,,0.0,0.0,1.0,0.0,0.0,0.0,50.0,0.0,5.0,0.0,,1.0,0.0,0.0,25.0,0.0,1.0,0.0,0.0,1368.7394036852604
